Referee_ID,Name,Nationality
ALG_1,LACARNE Belaid,ALG
ALG_2,HANSAL Mohamed,ALG
ALG_3,HAIMOUDI Djamel,ALG
ALG_4,ETCHIALI Abdelhak,ALG
ANG_1,MANUEL CANDIDO Inacio,ANG
ARG_1,MACIAS Jose,ARG
ARG_10,LOUSTAU Juan,ARG
ARG_11,LAMOLINA Francisco Oscar,ARG
ARG_12,TAIBI Ernesto,ARG
ARG_13,CASTRILLI Javier,ARG
ARG_14,ROSSI Claudio,ARG
ARG_15,RATTALINO Jorge,ARG
ARG_16,SANCHEZ Angel,ARG
ARG_17,GARCIA Dario,ARG
ARG_18,ELIZONDO Horacio,ARG
ARG_19,OTERO Rodolfo,ARG
ARG_2,BROZZI Juan,ARG
ARG_20,CASAS Ricardo,ARG
ARG_21,BALDASSI Hector,ARG
ARG_22,BELATTI Juan Pablo,ARG
ARG_23,PITANA Nestor,ARG
ARG_24,MAIDANA Hernan,ARG
ARG_3,VENTRE Luis Antonio,ARG
ARG_4,GOICOECHEA Roberto,ARG
ARG_5,COEREZZA Norberto Angel,ARG
ARG_6,PESTARINO Luis,ARG
ARG_7,COMESANA Miguel,ARG
ARG_8,ITHURRALDE Arturo Andres,ARG
ARG_9,ESPOSITO Carlos,ARG
ATG_1,CHARLES Curtis,ATG
AUS_1,BOSKOVIC Tony,AUS
AUS_10,ANAZ Hakan,AUS
AUS_11,Ben WILLIAMS,AUS
AUS_12,CREAM Matthew,AUS
AUS_2,BAMBRIDGE Christopher,AUS
AUS_3,LORENC Richard,AUS
AUS_4,BRAZZALE Eugene,AUS
AUS_5,DUNSTER Gordon,AUS
AUS_6,LENNIE Edward,AUS
AUS_7,SHIELD Mark,AUS
AUS_8,WILSON Ben,AUS
AUS_9,GIBSON Nathan,AUS
AUT_1,BERANEK Alois,AUT
AUT_10,KOHL Helmut,AUT
AUT_11,BENKO Gunter,AUT
AUT_12,BEREUTER Egon,AUT
AUT_2,BRAUN Eugen,AUT
AUT_3,WEINGARTNER Karl,AUT
AUT_4,STEINER Carl,AUT
AUT_5,SEIPELT Fritz,AUT
AUT_6,MARSCHALL Ferdinand,AUT
AUT_7,LINEMAYR Erich,AUT
AUT_8,WOEHRER Franz,AUT
AUT_9,BRUMMEIER Horst,AUT
BAH_1,AL GHATTAN Yousif Abdulla,BAH
BDI_1,BIRUMUSHAHU Jean Claude,BDI
BEL_1,LANGENUS Jean,BEL
BEL_10,VAN LANGENHOVE Marcel,BEL
BEL_11,MATTHYS Luc,BEL
BEL_12,VAN DEN BROECK Marc,BEL
BEL_13,VAN NYLEN Roland,BEL
BEL_14,DE BLEECKERE Frank,BEL
BEL_15,HERMANS Peter,BEL
BEL_16,VROMANS Walter,BEL
BEL_2,CRISTOPHE Henry,BEL
BEL_3,BAERT Louis,BEL
BEL_4,FRANKEN Laurent,BEL
BEL_5,VAN NUFFEL Lucien,BEL
BEL_6,BLAVIER Arthur,BEL
BEL_7,LORAUX Vital,BEL
BEL_8,RION Francis,BEL
BEL_9,PONNET Alexis,BEL
BEN_1,CODJIA Coffi,BEN
BEN_2,ADERODJOU Aboudou,BEN
BER_1,DUNSTAN Keith,BER
BHR_1,AL DOY Ebrahim,BHR
BHR_2,MANDI Jassim,BHR
BHR_3,SHUKRALLA Nawaf,BHR
BHR_4,TULEFAT Yaser,BHR
BHR_5,SALEH Ebrahim,BHR
BLR_1,DUPANOV Yuri,BLR
BOL_1,SAUCEDO Ulises,BOL
BOL_2,ALVAREZ Alfredo,BOL
BOL_3,BARRANCOS Luis,BOL
BOL_4,ORTUBE Rene,BOL
BRA_1,REGO Gilberto,BRA
BRA_10,RAMIZ WRIGHT Jose,BRA
BRA_11,ALVES Paulo Jorge,BRA
BRA_12,MARSIGLIA Renato,BRA
BRA_13,PINTO Arnaldo,BRA
BRA_14,REZENDE Marcio,BRA
BRA_15,SIMON Carlos,BRA
BRA_16,OLIVEIRA Jorge,BRA
BRA_17,TAVARES Aristeu,BRA
BRA_18,CORONA Ednilson,BRA
BRA_19,BRAATZ Roberto,BRA
BRA_2,VIANA Mario,BRA
BRA_20,HAUSMANN Altemir,BRA
BRA_21,DE CARVALHO Emerson,BRA
BRA_22,RICCI Sandro,BRA
BRA_23,VAN GASSE Marcelo,BRA
BRA_3,MALCHER Alberto,BRA
BRA_4,GARDELLI Mario,BRA
BRA_5,ETZEL FILHO Joao,BRA
BRA_6,MARQUES Armando,BRA
BRA_7,DE MORAES Ayrton Vieira,BRA
BRA_8,COELHO Arnaldo,BRA
BRA_9,ARPPI FILHO Romualdo,BRA
BUL_1,RUMENTCHEV Dimitar,BUL
BUL_2,DOTCHEV Bogdan,BUL
CAN_1,MORGAN Raymond,CAN
CAN_2,WINSEMANN Werner,CAN
CAN_3,VERGARA Hector,CAN
CAN_4,FLETCHER Joe,CAN
CHI_1,WARNKEN Alberto,CHI
CHI_10,HORMAZABAL DIAZ Rafael,CHI
CHI_11,SILVAGNO CAVANNA Juan,CHI
CHI_12,CASTRO Gaston,CHI
CHI_13,SILVA ARCE Hernan,CHI
CHI_14,SANCHEZ YANTEN Mario,CHI
CHI_15,DIAZ GALVEZ Jorge,CHI
CHI_16,POZO Pablo,CHI
CHI_17,MONDRIA Francisco,CHI
CHI_18,BASUALTO Patricio,CHI
CHI_19,OSSES Enrique,CHI
CHI_2,BUSTAMANTE Sergio,CHI
CHI_20,ASTROZA Carlos,CHI
CHI_21,ROMAN Sergio,CHI
CHI_3,MASSARO Artur,CHI
CHI_4,ROBLES Carlos,CHI
CHI_5,REGINATO Adolfe Molina,CHI
CHI_6,VICUNA Claudio,CHI
CHI_7,BULNES R.,CHI
CHI_8,SILVA Jose Antonio,CHI
CHI_9,SILVA Luis,CHI
CHN_1,JUN Lu,CHN
CHN_2,LU Jun,CHN
CIV_1,Noumandiez DOUE,CIV
CIV_2,YEO Songuifolo,CIV
CMR_1,MENKOUANDE Evarist,CMR
COL_1,SUNDHEIM Jose Antonio,COL
COL_10,RUIZ Oscar,COL
COL_11,NAVIA Jose,COL
COL_12,GONZALEZ Abraham,COL
COL_13,ROLDAN Wilmar,COL
COL_14,DIAZ Eduardo,COL
COL_15,CLAVIJO Humberto,COL
COL_2,VELASQUEZ Guillermo,COL
COL_3,DELGADO Omar,COL
COL_4,ARISTIZABAL MURCIA Gilberto,COL
COL_5,DIAZ PALACIO Jesus,COL
COL_6,PEREZ HOYOS Armando,COL
COL_7,TORRES CADENA Jose Joaquin,COL
COL_8,TORO RENDON John,COL
COL_9,ARANGO Jorge Luis,COL
CRC_1,SILES Jesus Paulino,CRC
CRC_2,ULLOA MORERA Berny,CRC
CRC_3,BADILLA Rodrigo,CRC
CRC_4,TORRES ZUNIGA Luis,CRC
CRC_5,MATTUS William,CRC
CRC_6,LEAL Leonel,CRC
CRO_1,MATOVINOVIC Damir,CRO
CUW_1,VAN ROSBERG Walter Jose,CUW
CZE_1,AMLER Evzen,CZE
DEN_1,HELGE Leo,DEN
DEN_2,JORGENSEN Carl Frederik,DEN
DEN_3,LUND-SORENSEN Henning,DEN
DEN_4,MIKKELSEN Peter,DEN
DEN_5,CHRISTENSEN Carl-Johan Meyer,DEN
DEN_6,NIELSEN Kim Milton,DEN
DEN_7,LARSEN Jens,DEN
ECU_1,JACOME GUERRERO Elias V.,ECU
ECU_2,MORENO Byron,ECU
ECU_3,FIERRO Bomer,ECU
ECU_4,TAMAYO Fernando,ECU
ECU_5,ROMERO Byron,ECU
ECU_6,VERA Carlos,ECU
ECU_7,LESCANO Christian,ECU
EGY_1,MOHAMED Youssuf,EGY
EGY_2,KANDIL Aly Hussein,EGY
EGY_3,KAMEL Mahmoud,EGY
EGY_4,HASSAN Abdel-Magid,EGY
EGY_5,EL GHANDOUR Gamal,EGY
EGY_6,FARAG Wagih,EGY
EGY_7,ABD EL FATAH Essam,EGY
ENG_1,READER George,ENG
ENG_10,DAGNALL Kenneth,ENG
ENG_11,TAYLOR John,ENG
ENG_12,PARTRIDGE Pat,ENG
ENG_13,WHITE Clive,ENG
ENG_14,COURTNEY George,ENG
ENG_15,DON Philip,ENG
ENG_16,PEARSON Roy,ENG
ENG_17,DURKIN Paul,ENG
ENG_18,WARREN Mark,ENG
ENG_19,POLL Graham,ENG
ENG_2,LEAFE Reginald,ENG
ENG_20,SHARP Philip,ENG
ENG_21,TURNER Glenn,ENG
ENG_22,WEBB Howard,ENG
ENG_23,Darren CANN,ENG
ENG_24,MULLARKEY Michael,ENG
ENG_3,ELLIS Arthur,ENG
ENG_4,LING William,ENG
ENG_5,ASTON Ken,ENG
ENG_6,FINNEY Jim,ENG
ENG_7,McCABE George,ENG
ENG_8,HOWLEY Kevin,ENG
ENG_9,CLEMENTS William,ENG
ERI_1,GEBREYESUS DIFUE Tesfaye,ERI
ESP_1,ESCARTIN Pedro,ESP
ESP_10,SANCHEZ ARMINIO Victoriano,ESP
ESP_11,SORIANO ALADREN Emilio,ESP
ESP_12,DIAZ VEGA Manuel,ESP
ESP_13,TRESACO GRACIA Fernando,ESP
ESP_14,GARCIA ARANDA Jose Maria,ESP
ESP_15,LOPEZ NIETO Antonio,ESP
ESP_16,GIRALDEZ CARRASCO Victoriano,ESP
ESP_17,MEDINA CANTALEJO Luis,ESP
ESP_18,MEDINA HERNANDEZ Pedro,ESP
ESP_19,MARTINEZ Fermin,ESP
ESP_2,AZON ROMA Ramon,ESP
ESP_20,YUSTE Juan,ESP
ESP_21,Alberto UNDIANO MALLENCO,ESP
ESP_22,ALONSO FERNANDEZ Roberto,ESP
ESP_23,Carlos VELASCO CARBALLO,ESP
ESP_3,ASENSI Manuel,ESP
ESP_4,GARDEAZABAL Juan,ESP
ESP_5,ORTIZ DE MENDIBIL Jose Maria,ESP
ESP_6,SANCHEZ IBANEZ Pablo,ESP
ESP_7,MARTINEZ Angel,ESP
ESP_8,LAMO CASTILLO Augusto,ESP
ESP_9,GARCIA CARRION Jose L.,ESP
ETH_1,TAREKEGN Seyoum,ETH
FIN_1,ERIKSSON Arne,FIN
FIN_2,YLI-KARRO Tapio,FIN
FRA_1,BALWAY Thomas,FRA
FRA_10,SDEZ Victor,FRA
FRA_11,KISSENBERGER Ernest,FRA
FRA_12,CAPDEVILLE Pierre,FRA
FRA_13,LECLERCQ Lucien,FRA
FRA_14,MERKCX Jean,FRA
FRA_15,BOUTOURE D.,FRA
FRA_16,TREHOU D.,FRA
FRA_17,VINCENTI Raymond,FRA
FRA_18,GUIGUE Maurice,FRA
FRA_19,SCHWINTE Pierre,FRA
FRA_2,BAERT Jacques,FRA
FRA_20,MACHIN Roger,FRA
FRA_21,WURTZ Robert,FRA
FRA_22,VAUTROT Michel,FRA
FRA_23,QUINIOU Joel,FRA
FRA_24,BATTA Marc,FRA
FRA_25,POUDEVIGNE Jacques,FRA
FRA_26,VEISSIERE Gilles,FRA
FRA_27,ARNAULT Frederic,FRA
FRA_28,DAGORNE Lionel,FRA
FRA_29,TEXIER Vincent,FRA
FRA_3,VALPREDE Ferdinand,FRA
FRA_30,POULAT Eric,FRA
FRA_31,St10N Alberto uis,FRA
FRA_32,DANSAULT Eric,FRA
FRA_33,UGO Laurent,FRA
FRA_34,Stephane LANNOY,FRA
FRA_4,MARENCO Paul,FRA
FRA_5,CONRIE Roger,FRA
FRA_6,POISSANT Louis,FRA
FRA_7,DE LA SALLE Charles,FRA
FRA_8,CAPDEVILLE Georges,FRA
FRA_9,OLIVE D.,FRA
FRG_1,SCHMETZER Emil,FRG
FRG_2,WEYLAND Hans Joachim,FRG
GAB_1,DIRAMBA Jean Fidele,GAB
GAM_1,Bakary GASSAMA,GAM
GDR_1,GLOECKNER Rudolf,GDR
GDR_2,PROKOP Adolf,GDR
GER_1,BIRLEM Alfred,GER
GER_10,ROTH Volker,GER
GER_11,KIRSCHEN Siegfried,GER
GER_12,SCHMIDHUBER Aron,GER
GER_13,KRUG Hellmut,GER
GER_14,SCHNEIDER Erich,GER
GER_15,HEYNEMANN Bernd,GER
GER_16,MERK Markus,GER
GER_17,MUELLER Heiner,GER
GER_18,SCHRAER Christian,GER
GER_19,SALVER Jan-Hendrik,GER
GER_2,DUSCH Albert,GER
GER_20,PICKEL Mike,GER
GER_21,Wolfgang STARK,GER
GER_22,BORSCH Mark,GER
GER_23,BRYCH Felix,GER
GER_24,LUPP Stefan,GER
GER_3,TSCHENSCHER Kurt,GER
GER_4,KREITLEIN Rudolf,GER
GER_5,OHMSEN Klaus,GER
GER_6,ALDINGER Heinz,GER
GER_7,SCHULENBURG Gerhard,GER
GER_8,BIWERSI Ferdinand,GER
GER_9,ESCHWEILER Walter,GER
GHA_1,DWOMOH Benjamin,GHA
GRE_1,VASSARAS Kyros,GRE
GUA_1,MENDEZ MOLINA Romulo,GUA
GUA_2,BATRES Carlos,GUA
HKG_1,CHAN Thomson Tam Sun,HKG
HON_1,CALIX GARCIA Raimundo,HON
HON_2,SALINAS Reynaldo,HON
HON_3,PASTRANA Carlos,HON
HUN_1,IVANCSICS Mihaly,HUN
HUN_10,VAGNER Laszlo,HUN
HUN_11,SZEKELY Ferenc,HUN
HUN_12,KASSAI Viktor,HUN
HUN_13,EROS Gabor,HUN
HUN_14,VAMOS Tibor,HUN
HUN_2,VON HERTZKA Pal,HUN
HUN_3,ZSOLT Istvan,HUN
HUN_4,DOROGI Andor,HUN
HUN_5,EMSBERGER Gyula,HUN
HUN_6,PALOTAI Karoly,HUN
HUN_7,NEMETH Lajos,HUN
HUN_8,PUHL Sandor,HUN
HUN_9,MARTON Sandor,HUN
IND_1,KOMALEESWARAN Sankar,IND
IRL_1,FOLEY Eddie,IRL
IRN_1,NAMDAR Jafar,IRN
IRN_2,FANAEI Mohammad,IRN
IRN_3,KAMRANIFAR Hassan,IRN
ISR_1,ASHKENAZI Menachem,ISR
ISR_2,KLEIN Abraham,ISR
ITA_1,BONIVENTO Ferruccio,ITA
ITA_10,SASSI Otello,ITA
ITA_11,SCARPI Giuseppe,ITA
ITA_12,DATTILO Generoso,ITA
ITA_13,GALEATI Giovanni,ITA
ITA_14,ORLANDINI Vincenzo,ITA
ITA_15,JONNI Cesare,ITA
ITA_16,LO BELLO Concetto,ITA
ITA_17,SBARDELLA Antonio,ITA
ITA_18,ANGONESE Aurelio,ITA
ITA_19,GONELLA Sergio,ITA
ITA_2,SCORZONI Raffaele,ITA
ITA_20,CASARIN Paolo,ITA
ITA_21,AGNOLIN Luigi,ITA
ITA_22,LO BELLO Rosario,ITA
ITA_23,MAGNI Pierluigi,ITA
ITA_24,LONGHI Carlo,ITA
ITA_25,D ELIA Pietro,ITA
ITA_26,LANESE Tullio,ITA
ITA_27,RAMICONE Domenico,ITA
ITA_28,BALDAS Fabio,ITA
ITA_29,PAIRETTO Pierluigi,ITA
ITA_3,TURBIANI Giuseppe,ITA
ITA_30,COLLINA Pierluigi,ITA
ITA_31,MAZZEI Gennaro,ITA
ITA_32,ROSETTI Roberto,ITA
ITA_33,COPELLI Cristiano,ITA
ITA_34,STAGNOLI Alessandro,ITA
ITA_35,AYROLDI Stefano,ITA
ITA_36,CALCAGNO Paolo,ITA
ITA_37,Nicola RIZZOLI,ITA
ITA_38,Renato FAVERANI,ITA
ITA_39,Andrea STEFANI,ITA
ITA_4,CAIRONI Camillo,ITA
ITA_5,CARRARO Albino,ITA
ITA_6,MATTEA Francesco,ITA
ITA_7,BARLASSINA Rinaldo,ITA
ITA_8,CARMINATI Ettore,ITA
ITA_9,MELANDRI Ermenegildo,ITA
JAM_1,POWELL Owen,JAM
JAM_2,PRENDERGAST Peter,JAM
JOR_1,HASSOUNEH Awni,JOR
JPN_1,MARUYAMA Yoshiyuki,JPN
JPN_2,TAKADA Shizuo,JPN
JPN_3,OKADA Masayoshi,JPN
JPN_4,KAMIKAWA Toru,JPN
JPN_5,HIROSHIMA Yoshikazu,JPN
JPN_6,NISHIMURA Yuichi,JPN
JPN_7,SAGARA Toru,JPN
JPN_8,NAGI Toshiyuki,JPN
KGZ_1,KOCHKAROV Bakhadyr,KGZ
KOR_1,PARK Hae-Yong,KOR
KOR_2,JEON Young Hyun,KOR
KOR_3,KIM Young Joo,KOR
KOR_4,KIM Dae Young,KOR
KOR_5,JEONG Hae Sang,KOR
KSA_1,AL SHANAR Fallaj Khuzam,KSA
KSA_2,ALZEID Abdulrahman,KSA
KSA_3,ALTRAIFI Ali,KSA
KSA_4,AL GHAMDI Khalil,KSA
KUW_1,GHADANFARI Hussain,KUW
KUW_2,MANE Saad,KUW
LBY_1,EL GHOUL Yusef Mohamed,LBY
LIB_1,KOLEIT Haidar,LIB
MAR_1,RHARIB El Jilali Mohamed,MAR
MAR_2,BELQOLA Said,MAR
MAR_3,GUEZZAZ Mohammed,MAR
MAR_4,ACHIK Redouane,MAR
MAS_1,ABDUL HAMID Halim,MAS
MAS_2,AWANG HAMAT Mat Lazim,MAS
MDV_1,SAEED Mohamed,MDV
MEX_1,VALLEJO Gaspar,MEX
MEX_10,MARQUEZ RAMIREZ Antonio,MEX
MEX_11,CODESAL MENDEZ Edgardo,MEX
MEX_12,BRIZIO CARTER Arturo,MEX
MEX_13,RAMOS RIZO Felipe,MEX
MEX_14,RAMIREZ Jose,MEX
MEX_15,RODRIGUEZ Marco,MEX
MEX_16,CAMARGO Jose Luis,MEX
MEX_17,ARCHUNDIA Benito,MEX
MEX_18,MORIN Alberto,MEX
MEX_19,TORRENTERA Marvin,MEX
MEX_2,TEJADA Carlos,MEX
MEX_20,QUINTERO Marcos,MEX
MEX_3,BUERGO Fernando,MEX
MEX_4,YAMASAKI MALDONADO Arturo,MEX
MEX_5,AGUILAR ELIZALDE Abel,MEX
MEX_6,DE LEO Diego,MEX
MEX_7,GONZALEZ ARCHUNDIA Alfonso,MEX
MEX_8,RUBIO VAZQUEZ Mario,MEX
MEX_9,URREA Joaquin,MEX
MLI_1,TRAORE Idrissa,MLI
MLI_2,DANTE Dramane,MLI
MLI_3,Koman COULIBALY,MLI
MLT_1,ZAMMIT Emanuel,MLT
MRI_1,PICON-ACKONG Edwin,MRI
MRI_2,LIM KEE CHONG An Yan,MRI
NED_1,VAN MOORSEL Johannes,NED
NED_10,DOLSTRA Jan,NED
NED_11,POOL Jaap,NED
NED_12,WEGEREEF Jan,NED
NED_13,Bj14 Stefan  ean,NED
NED_14,Erwin ZEINSTRA,NED
NED_15,Sander VAN ROEKEL,NED
NED_16,Bjorn KUIPERS,NED
NED_2,VAN DER MEER Karel,NED
NED_3,BRONKHORST Jan,NED
NED_4,HORN Leo,NED
NED_5,VAN RAVENS Laurens,NED
NED_6,VAN GEMERT Arie,NED
NED_7,CORVER Charles,NED
NED_8,KEIZER Jan,NED
NED_9,VAN DER ENDE Mario,NED
NIG_1,BOUCHARDEAU Lucien,NIG
NIR_1,ADAIR John,NIR
NIR_2,MOFFATT Malcolm,NIR
NIR_3,SNODDY Alan,NIR
NOR_1,NILSEN Birger,NOR
NOR_2,DRAGVOLL Georg,NOR
NOR_3,PEDERSEN Rune,NOR
NOR_4,HAUGE Terje,NOR
NZL_1,SMITH Paul,NZL
NZL_2,HESTER Michael,NZL
NZL_3,HINTZ Jan Hendrik,NZL
NZL_4,Peter O'LEARY,NZL
NZL_5,RULE Mark,NZL
OMA_1,AL MUSAWI Mohamed,OMA
PAR_1,DE NICOLA Cayetano,PAR
PAR_10,AQUINO Ubaldo,PAR
PAR_11,ANDINO Amelio,PAR
PAR_12,BERNAL Manuel,PAR
PAR_13,AMARILLA Carlos,PAR
PAR_2,HEYEN Mario Ruben,PAR
PAR_3,ORTIZ Hector,PAR
PAR_4,GONZALEZ ROA Gabriel,PAR
PAR_5,MACIEL Carlos,PAR
PAR_6,ZARATE Venancio,PAR
PAR_7,GALVAN Celestino,PAR
PAR_8,GONZALEZ CHAVEZ Epifanio,PAR
PAR_9,GIACOMUZZI Miguel,PAR
PER_1,PEREZ NUNEZ Edison A.,PER
PER_2,OROZCO GUERRERO Cesar,PER
PER_3,LABO REVOREDO Enrique,PER
PER_4,TEJADA NORIEGA Alberto,PER
POL_1,JARGUZ Alojzy,POL
POL_2,LISTKIEWICZ Michal,POL
POL_3,POCIEGIEL Jacek,POL
POL_4,WOJCIK Ryszard,POL
POL_5,WIERZBOWSKI Maciej,POL
POR_1,DA COSTA VIEIRA Jose,POR
POR_10,TRIGO Jose,POR
POR_11,PROENCA Pedro,POR
POR_12,MIRANDA Bertino,POR
POR_13,Olegario BENQUERENCA,POR
POR_2,FERNANDES CAMPOS Joaquim,POR
POR_3,SALDANHA RIBEIRO Antonio,POR
POR_4,GARRIDO Antonio,POR
POR_5,SILVA VALENTE Carlos Alberto,POR
POR_6,MELO PEREIRA Vitor,POR
POR_7,MATOS Carlos,POR
POR_8,OlegLaurent c uis   ro ri,POR
POR_9,CARDINAL Jose,POR
PRK_1,CHOI Duk Ryong,PRK
ROU_1,RADULESCU Constantin,ROU
ROU_2,RADULESCU Andrei,ROU
ROU_3,RAINEA Nicolae,ROU
ROU_4,IGNA Ioan,ROU
ROU_5,GRIGORESCU Nicolae,ROU
RSA_1,SALIE Achmat,RSA
RSA_2,SOLDATOS Aristidis Chris,RSA
RSA_3,McLEOD Ian,RSA
RSA_4,DAMON Jerome,RSA
RSA_5,MOLEFE Enock,RSA
RUS_1,BUTENKO Valeri,RUS
RUS_2,SPIRIN Alexey,RUS
RUS_3,LEVNIKOV Nikolai,RUS
RUS_4,GOLUBEV Nikolai,RUS
RUS_5,VOLNIN Evgueni,RUS
RUS_6,IVANOV Valentin,RUS
RWA_1,NTAGUNGIRA Celestin,RWA
RWA_2,KABANDA Felicien,RWA
SCG_1,MAKSIMOVIC Dusan,SCG
SCO_1,MITCHELL Robert,SCO
SCO_10,SMITH George,SCO
SCO_11,MOTTRAM Leslie,SCO
SCO_12,DALLAS Hugh,SCO
SCO_2,MITCHELL George,SCO
SCO_3,FAULTLESS Charlie,SCO
SCO_4,MOWAT Jack,SCO
SCO_5,DAVIDSON Bob,SCO
SCO_6,PHILLIPS Hugh,SCO
SCO_7,CRAWFORD William,SCO
SCO_8,GORDON John,SCO
SCO_9,VALENTINE Robert,SCO
SEN_1,NDIAYE Birame,SEN
SEN_2,NDIAYE Youssou,SEN
SEN_3,NDOYE Falla,SEN
SEN_4,NDOYE Mamadou,SEN
SEY_1,MAILLET Eddy,SEY
SIN_1,SUPPIAH George,SIN
SIN_2,KRISHNAN Visva,SIN
SIN_3,MAIDIN Shamsul,SIN
SLV_1,FERNANDEZ Vladimir,SLV
SLV_2,ZUMBA Juan,SLV
SLV_3,AGUILAR Joel,SLV
SLV_4,TORRES William,SLV
SRB_1,PETROVIC Zoran,SRB
SRB_2,RISTIC Milovan,SRB
SRB_3,MAZIC Milorad,SRB
SRB_4,DJURDJEVIC Dalibor,SRB
SRI_1,WICKRAMATUNGA Nimal,SRI
SUI_1,MERCET Rene,SUI
SUI_10,BUCHMUELLER Fritz,SUI
SUI_11,VON GUNTER Albert,SUI
SUI_12,BAUMBERGER Rene,SUI
SUI_13,SCHICKER Werner,SUI
SUI_14,WYSSLING Paul,SUI
SUI_15,DIENST Gottfried,SUI
SUI_16,SCHEURER Ruedi,SUI
SUI_17,DUBACH Jean,SUI
SUI_18,GALLER Bruno,SUI
SUI_19,DAINA Andre,SUI
SUI_2,WUETHRICH Hans,SUI
SUI_20,ROETHLISBERGER Kurt,SUI
SUI_21,MEIER Urs,SUI
SUI_22,RAUSIS Laurent,SUI
SUI_23,BURAGINA Francesco,SUI
SUI_24,BUSACCA Massimo,SUI
SUI_25,ARNET Matthias,SUI
SUI_3,LUTZ Jean,SUI
SUI_4,GUIDI Denilo,SUI
SUI_5,RUFFLI Willy,SUI
SUI_6,MERLOTTI Armand,SUI
SUI_7,GULDE Josef,SUI
SUI_8,DOERFLINGER Ernst,SUI
SUI_9,SCHONHOLZER Ernest,SUI
SVK_1,MICHEL Lubos,SVK
SVK_2,SRAMKA Igor,SVK
SVK_3,BALKO Martin,SVK
SVK_4,Roman SLYSKO,SVK
SWE_1,EKLIND Ivan,SWE
SWE_10,EVERSTIG Mikael,SWE
SWE_11,KARLSSON Bo,SWE
SWE_12,NILSSON Mikael,SWE
SWE_13,LINDBERG Leif,SWE
SWE_14,FRISK Anders,SWE
SWE_15,ERIKSSON Jonas,SWE
SWE_16,KLASENIUS Mathias,SWE
SWE_17,WARNMARK Daniel,SWE
SWE_2,DAHLNER Gunnar,SWE
SWE_3,LUNDELL Bengt,SWE
SWE_4,AHLNER Sten,SWE
SWE_5,ACKEBORN Gosta,SWE
SWE_6,ANDREN Bengt,SWE
SWE_7,LOEOEW Bertil,SWE
SWE_8,ERIKSSON Ulf,SWE
SWE_9,FREDRIKSSON Erik,SWE
SYR_1,BOUZO Farouk,SYR
SYR_2,AL SHARIF Jamal,SYR
TCH_1,ZENISEK Bohumil,TCH
TCH_2,KRIST Gustav,TCH
TCH_3,MACKO Martin,TCH
TCH_4,GALBA Karol,TCH
TCH_5,CHRISTOV Vojtech,TCH
TGA_1,MAKASINI Tevita,TGA
THA_1,ANPRASERT Pirom,THA
THA_2,PERMPANICH Prachya,THA
TRI_1,JAMES Douglas Micael,TRI
TRI_2,RAMDHAN Ramesh,TRI
TRI_3,GONZALES Merere,TRI
TRI_4,RAGOONATH Michael,TRI
TUN_1,SEOUDI Hedi,TUN
TUN_2,BENNACEUR Ali,TUN
TUN_3,JOUINI Neji,TUN
TUN_4,MANSRI Mohamed,TUN
TUN_5,DAAMI Mourad,TUN
TUN_6,ADJENGUI Taoufik,TUN
TUN_7,HASSANI Bechir,TUN
TUR_1,BABACAN Dogan,TUR
TUR_2,C014TERO Marcos n,TUR
TUR_3,ONGUN Tarik,TUR
TUR_4,DURAN Bahattin,TUR
TUR_5,Cuneyt CAKIR,TUR
UAE_1,BUJSAIM Ali,UAE
UAE_2,GHULOUM Eisa,UAE
UAE_3,AL MARZOUQI Saleh,UAE
UGA_1,TOMUSANGE Ali,UGA
URS_1,LATYCHEV Nikolaj,URS
URS_2,BAKHRAMOV Tofik,URS
URS_3,KAZAKOV Pavel,URS
URS_4,IVANOV Anatoly,URS
URS_5,STUPAR Miroslav,URS
URU_1,TEJADA Anibal,URU
URU_10,CARDELLINO DE SAN VICENTE Juan,URU
URU_11,MARTINEZ BAZAN Jose Luis,URU
URU_12,FILIPPI Ernesto,URU
URU_13,RIAL Walter,URU
URU_14,LARRIONDA Jorge,URU
URU_15,FANDINO Pablo,URU
URU_16,ESPINOSA Mauricio,URU
URU_2,VALLARINO Ricardo,URU
URU_3,ALONSO Gualberto,URU
URU_4,MATEUCCI Francisco,URU
URU_5,APHESTEGUY Martin,URU
URU_6,LOMBARDI Domingo,URU
URU_7,MARINO Esteban,URU
URU_8,CODESAL Jose Maria,URU
URU_9,BARRETO RUIZ Ramon,URU
USA_1,GARCIA Prudencio,USA
USA_10,GEIGER Mark,USA
USA_2,GOLDSTEIN Leo,USA
USA_3,LANDAUER Henry,USA
USA_4,SOCHA David,USA
USA_5,MAURO Vincent,USA
USA_6,ANGELES Arturo,USA
USA_7,BAHARMAST Esse,USA
USA_8,HALL Brian,USA
USA_9,HURD Sean,USA
UZB_1,Ravshan IRMATOV,UZB
UZB_2,ILYASOV Rafael,UZB
UZB_3,RASULOV Abduxamidullo,UZB
VAN_1,FRED Lencie,VAN
VAN_2,DORIRI Elise,VAN
VEN_1,LLOBREGAT Vicente,VEN
WAL_1,GRIFFITHS Benjamin,WAL
WAL_2,CALLAGHAN Leo,WAL
WAL_3,THOMAS Clive,WAL
WAL_4,CLIVE Thomas,WAL
YUG_1,STEFANOVIC Vasa,YUG
YUG_2,LEMESIC Leo,YUG
YUG_3,TESANIC Branko,YUG
YUG_4,ZECEVIC Konstantin,YUG
YUG_5,HORVAT Drago,YUG
ZIM_1,MUDZAMIRI Brighton,ZIM
